date,merchant_id,channel,txn_count,total_amt
2025-12-25,Acevedo LLC,FPX,1,47.27
2025-12-25,Acevedo LLC,Mastercard,1,33.33
2025-12-25,Aguilar Group,DuitNow QR,2,10.540000000000001
2025-12-25,Aguilar Group,FPX,1,28.27
2025-12-25,Aguilar Group,TNG eWallet,1,0.4
2025-12-25,Aguilar Group,TNG eWallet Offline,1,44.8
2025-12-25,"Aguilar, Bonilla and Lee",FPX,1,271.14
2025-12-25,"Aguilar, Bonilla and Lee",Mastercard,1,31.85
2025-12-25,Aguilar-Gomez,DuitNow QR Offline,1,16.81
2025-12-25,Aguilar-Gomez,PayLater by Grab,1,15.14
2025-12-25,Arnold PLC,TNG eWallet Offline,1,36.96
2025-12-25,Bender-Underwood,TNG eWallet Offline,2,50.33
2025-12-25,Bowen PLC,DuitNow QR,1,26.34
2025-12-25,Bowen PLC,TNG eWallet,2,78.75999999999999
2025-12-25,"Burke, Mann and Schroeder",Mastercard,1,57.2
2025-12-25,"Burke, Mann and Schroeder",Shopee PayLater,1,30.56
2025-12-25,Cannon and Sons,DuitNow QR Offline,1,34.53
2025-12-25,Cannon and Sons,PayLater by Grab,1,61.21
2025-12-25,Carroll-Figueroa,DuitNow QR,1,41.49
2025-12-25,Carroll-Figueroa,Visa,1,60.07
2025-12-25,"Carson, Thomas and Walters",DuitNow QR Offline,1,45.37
2025-12-25,Christensen-Cole,FPX,1,33.34
2025-12-25,Christensen-Cole,TNG eWallet,2,44.34
2025-12-25,Christensen-Cole,TNG eWallet Offline,1,23.91
2025-12-25,"Cox, Clark and Davis",DuitNow QR,2,136.81
2025-12-25,Cross PLC,DuitNow QR,1,48.93
2025-12-25,Cross PLC,DuitNow QR Offline,1,29.76
2025-12-25,Cross PLC,FPX,1,57.7
2025-12-25,Cross PLC,TNG eWallet,1,38.71
2025-12-25,Cruz-Hutchinson,Visa,1,27.6
2025-12-25,Cunningham-Rice,DuitNow QR,1,667.41
2025-12-25,Cunningham-Rice,FPX,1,15.45
2025-12-25,Cunningham-Rice,Google Pay,1,76.46
2025-12-25,Cunningham-Rice,TNG eWallet,1,68.94
2025-12-25,Cunningham-Rice,TNG eWallet Offline,1,25.57
2025-12-25,Davis-Dennis,PayLater by Grab,1,57.16
2025-12-25,Davis-Dennis,Shopee PayLater,1,439.93
2025-12-25,"Dixon, Goodwin and Williams",TNG eWallet Offline,1,65.88
2025-12-25,Duncan-Cannon,FPX,1,59.66
2025-12-25,Duncan-Cannon,TNG eWallet,1,19.58
2025-12-25,Dunn-Lucas,DuitNow QR,1,49.18
2025-12-25,"Figueroa, Sanchez and Smith",TNG eWallet,1,20.92
2025-12-25,Ford-Payne,TNG eWallet,1,45.32
2025-12-25,Ford-Payne,Visa,1,35.18
2025-12-25,Galloway Inc,Apple Pay,1,33.51
2025-12-25,"Garcia, Mercado and Potter",FPX,2,71.39
2025-12-25,"Garcia, Mercado and Potter",Google Pay,1,39.7
2025-12-25,"Garcia, Mercado and Potter",TNG eWallet,1,25.52
2025-12-25,Garrison-Hoffman,DuitNow QR Offline,1,22.14
2025-12-25,"Gonzalez, Klein and French",DuitNow QR,1,19.42
2025-12-25,"Gonzalez, Klein and French",DuitNow QR Offline,1,43.32
2025-12-25,"Gonzalez, Klein and French",FPX,1,0.77
2025-12-25,"Gonzalez, Klein and French",TNG eWallet,1,908.22
2025-12-25,Gross-Harrington,Google Pay,1,39.02
2025-12-25,"Haynes, Jenkins and Cook",TNG eWallet Offline,1,39.94
2025-12-25,Hudson-Graham,DuitNow QR,1,12.72
2025-12-25,Hudson-Graham,FPX,1,51.26
2025-12-25,Hudson-Graham,Mastercard,1,43.58
2025-12-25,Hudson-Graham,PayLater by Grab,1,71.18
2025-12-25,Hudson-Graham,TNG eWallet,1,19.78
2025-12-25,Hudson-Graham,Visa,1,57.58
2025-12-25,"Ingram, Pratt and York",DuitNow QR Offline,1,28.9
2025-12-25,"Ingram, Pratt and York",FPX,1,33.77
2025-12-25,"Ingram, Pratt and York",TNG eWallet,1,10.56
2025-12-25,Jennings PLC,TNG eWallet,1,18.13
2025-12-25,Johnson Inc,DuitNow QR,1,54.31
2025-12-25,Johnson Inc,Google Pay,1,16.36
2025-12-25,Johnson Inc,TNG eWallet,1,1.23
2025-12-25,"Johnson, Key and Wells",DuitNow QR Offline,1,28.47
2025-12-25,"Johnson, Moore and Smith",Google Pay,1,11.45
2025-12-25,Johnson-Wright,DuitNow QR,1,10.66
2025-12-25,Johnson-Wright,FPX,1,10.03
2025-12-25,Johnson-Wright,TNG eWallet,3,134.09
2025-12-25,"Jones, Spencer and Mata",DuitNow QR,1,36.37
2025-12-25,Jones-Prince,DuitNow QR,1,54.5
2025-12-25,Jones-Prince,DuitNow QR Offline,1,36.38
2025-12-25,Jones-Prince,FPX,2,47.019999999999996
2025-12-25,Jones-Prince,Shopee PayLater,1,26.09
2025-12-25,Jordan Ltd,FPX,1,54.02
2025-12-25,"Juarez, Brown and Wilson",DuitNow QR,1,513.28
2025-12-25,Kerr-Taylor,DuitNow QR,1,21.2
2025-12-25,Kerr-Taylor,DuitNow QR Offline,1,390.2
2025-12-25,Kerr-Taylor,FPX,2,74.01
2025-12-25,King-Friedman,TNG eWallet,1,19.6
2025-12-25,King-Friedman,TNG eWallet Offline,1,16.45
2025-12-25,"Knox, Bullock and Bowman",Apple Pay,1,24.73
2025-12-25,"Knox, Bullock and Bowman",DuitNow QR Offline,2,48.510000000000005
2025-12-25,"Knox, Bullock and Bowman",FPX,1,26.98
2025-12-25,"Knox, Bullock and Bowman",TNG eWallet,1,23.46
2025-12-25,"Lambert, Williams and Phelps",DuitNow QR,1,47.44
2025-12-25,"Lambert, Williams and Phelps",TNG eWallet,1,17.3
2025-12-25,Landry-Moreno,Visa,2,188.48
2025-12-25,"Le, Hoffman and Fowler",DuitNow QR Offline,1,77.65
2025-12-25,"Le, Hoffman and Fowler",Google Pay,1,788.79
2025-12-25,"Le, Hoffman and Fowler",Mastercard,1,70.41
2025-12-25,"Le, Hoffman and Fowler",Visa,1,10.78
2025-12-25,"Levine, Barron and Jones",TNG eWallet Offline,1,32.13
2025-12-25,Lopez-Cole,DuitNow QR Offline,2,52.010000000000005
2025-12-25,Lopez-Cole,TNG eWallet,2,42.11
2025-12-25,Mahoney PLC,DuitNow QR Offline,1,46.54
2025-12-25,Mahoney PLC,Shopee PayLater,1,38.12
2025-12-25,"Martinez, Gray and Kent",TNG eWallet,1,32.61
2025-12-25,Martinez-Abbott,TNG eWallet Offline,1,201.55
2025-12-25,Martinez-Harvey,DuitNow QR Offline,1,49.6
2025-12-25,Martinez-Harvey,Google Pay,1,33.45
2025-12-25,Martinez-Harvey,TNG eWallet,2,98.49000000000001
2025-12-25,Martinez-Harvey,Visa,1,49.63
2025-12-25,Maxwell Group,DuitNow QR,1,40.93
2025-12-25,Maxwell Group,FPX,1,26.22
2025-12-25,Maxwell Group,TNG eWallet,1,412.69
2025-12-25,Maxwell Group,TNG eWallet Offline,1,45.54
2025-12-25,"Maynard, Green and Cook",FPX,1,47.68
2025-12-25,"Maynard, Green and Cook",Visa,1,52.92
2025-12-25,"Mcdonald, Castro and Pearson",Apple Pay,1,71.76
2025-12-25,Mcguire Ltd,FPX,1,351.55
2025-12-25,"Miller, Espinoza and Hernandez",DuitNow QR,2,22.52
2025-12-25,"Miller, Espinoza and Hernandez",DuitNow QR Offline,2,85.63
2025-12-25,"Morton, Harvey and Shelton",FPX,1,24.15
2025-12-25,Moss-Chapman,FPX,1,56.77
2025-12-25,Moss-Chapman,Mastercard,1,48.51
2025-12-25,Murphy Inc,FPX,1,30.86
2025-12-25,"Nichols, Farmer and Floyd",FPX,1,67.15
2025-12-25,"Nichols, Farmer and Floyd",Mastercard,1,68.07
2025-12-25,Nolan LLC,DuitNow QR,1,522.34
2025-12-25,Nolan LLC,FPX,1,71.26
2025-12-25,Nolan LLC,Mastercard,1,44.39
2025-12-25,Owens Group,FPX,1,53.64
2025-12-25,Owens Group,TNG eWallet,1,50.04
2025-12-25,"Owens, Green and Clark",DuitNow QR Offline,1,717.65
2025-12-25,"Owens, Green and Clark",FPX,1,16.15
2025-12-25,"Owens, Green and Clark",TNG eWallet,1,38.88
2025-12-25,Parker Ltd,DuitNow QR,1,366.34
2025-12-25,Parker Ltd,TNG eWallet Offline,1,32.81
2025-12-25,Perez-Gardner,FPX,1,39.01
2025-12-25,Perez-Gardner,TNG eWallet,1,0.15
2025-12-25,Perez-Gardner,TNG eWallet Offline,1,20.66
2025-12-25,"Petty, Rodriguez and Khan",Google Pay,1,67.96
2025-12-25,"Petty, Rodriguez and Khan",Shopee PayLater,1,46.19
2025-12-25,Phillips LLC,FPX,1,33.16
2025-12-25,Pineda PLC,DuitNow QR Offline,1,25.04
2025-12-25,Pineda PLC,FPX,1,408.25
2025-12-25,Pruitt LLC,DuitNow QR,1,51.13
2025-12-25,Pruitt LLC,FPX,2,50.82
2025-12-25,Pruitt LLC,Google Pay,1,41.72
2025-12-25,"Ramos, Moore and Coleman",DuitNow QR,1,57.78
2025-12-25,"Ramos, Moore and Coleman",DuitNow QR Offline,1,58.59
2025-12-25,"Ramos, Moore and Coleman",PayLater by Grab,1,11.13
2025-12-25,"Ramos, Moore and Coleman",TNG eWallet Offline,1,45.71
2025-12-25,Reid Group,TNG eWallet,1,0.98
2025-12-25,"Reyes, Blackwell and Jenkins",DuitNow QR Offline,1,43.06
2025-12-25,Richardson-Warren,DuitNow QR Offline,1,48.88
2025-12-25,Richardson-Warren,Mastercard,1,48.39
2025-12-25,Richardson-Warren,Visa,1,14.27
2025-12-25,"Roberts, Wong and Morales",Visa,1,46.56
2025-12-25,Robinson-Burnett,Apple Pay,1,44.59
2025-12-25,Robinson-Burnett,DuitNow QR,1,27.01
2025-12-25,Robinson-Burnett,Mastercard,1,0.67
2025-12-25,"Rodriguez, Jackson and Gomez",DuitNow QR Offline,1,23.73
2025-12-25,"Rodriguez, Jackson and Gomez",FPX,1,0.41
2025-12-25,"Rodriguez, Jackson and Gomez",Mastercard,1,32.61
2025-12-25,Rodriguez-Sanchez,FPX,1,0.66
2025-12-25,Rodriguez-Tucker,DuitNow QR,1,334.02
2025-12-25,Rollins-Williams,Google Pay,1,31.6
2025-12-25,Rollins-Williams,Mastercard,1,31.71
2025-12-25,Rose-Rubio,DuitNow QR Offline,1,815.43
2025-12-25,Russell and Sons,Apple Pay,1,33.9
2025-12-25,Russell and Sons,Google Pay,1,657.46
2025-12-25,Russell and Sons,Mastercard,1,33.83
2025-12-25,"Schmidt, Smith and Ramirez",DuitNow QR Offline,1,55.17
2025-12-25,"Schmidt, Smith and Ramirez",TNG eWallet,1,358.68
2025-12-25,"Schmitt, Murphy and Warner",FPX,1,342.16
2025-12-25,"Schmitt, Murphy and Warner",Shopee PayLater,1,32.44
2025-12-25,"Schmitt, Murphy and Warner",TNG eWallet,1,62.18
2025-12-25,"Schmitt, Murphy and Warner",TNG eWallet Offline,1,0.72
2025-12-25,Shah Group,DuitNow QR Offline,1,66.78
2025-12-25,Shah Group,TNG eWallet,1,347.63
2025-12-25,Simon and Sons,Google Pay,1,28.27
2025-12-25,Simon and Sons,Mastercard,1,52.17
2025-12-25,Simon and Sons,TNG eWallet,1,505.1
2025-12-25,Soto-Mora,DuitNow QR,1,18.56
2025-12-25,Soto-Mora,TNG eWallet,2,1508.02
2025-12-25,"Stafford, Hood and Ward",DuitNow QR,1,26.22
2025-12-25,"Sutton, Howard and Rollins",Mastercard,1,27.66
2025-12-25,Sweeney-Thompson,TNG eWallet,2,79.78
2025-12-25,Sweeney-Thompson,TNG eWallet Offline,1,26.17
2025-12-25,"Taylor, Colon and Hart",FPX,2,55.62
2025-12-25,"Taylor, Colon and Hart",TNG eWallet,1,53.29
2025-12-25,"Walker, Floyd and Graham",TNG eWallet,1,15.21
2025-12-25,"Walker, Floyd and Graham",TNG eWallet Offline,1,40.51
2025-12-25,Wall LLC,TNG eWallet,1,48.43
2025-12-25,Walsh-Jones,TNG eWallet,1,12.62
2025-12-25,Walsh-Jones,TNG eWallet Offline,1,14.74
2025-12-25,Walsh-Jones,Visa,1,7.13
2025-12-25,"White, Flores and Lucas",FPX,1,32.41
2025-12-25,"White, Flores and Lucas",TNG eWallet Offline,1,987.14
2025-12-25,Williams Inc,TNG eWallet,2,89.89
2025-12-25,"Williams, Morrison and Larson",DuitNow QR Offline,2,80.02000000000001
2025-12-25,"Williams, Morrison and Larson",Visa,1,56.25
2025-12-25,Young-Huffman,DuitNow QR Offline,1,54.04
2025-12-26,Acevedo LLC,TNG eWallet Offline,1,18.04
2025-12-26,Aguilar Group,DuitNow QR,2,302.78
2025-12-26,Aguilar Group,Mastercard,1,17.36
2025-12-26,Aguilar-Gomez,DuitNow QR,1,12.95
2025-12-26,Arnold PLC,TNG eWallet,1,15.38
2025-12-26,Barron-Fisher,DuitNow QR,1,31.24
2025-12-26,Barron-Fisher,Mastercard,1,32.18
2025-12-26,Barron-Fisher,TNG eWallet Offline,1,29.43
2025-12-26,Bender-Underwood,TNG eWallet,1,37.59
2025-12-26,"Burke, Mann and Schroeder",TNG eWallet,1,57.94
2025-12-26,Cannon and Sons,DuitNow QR Offline,1,19.33
2025-12-26,Cannon and Sons,FPX,2,313.2
2025-12-26,Cannon and Sons,Shopee PayLater,1,13.36
2025-12-26,Cannon and Sons,TNG eWallet,2,95.13
2025-12-26,Carroll-Figueroa,DuitNow QR,1,1.09
2025-12-26,Carroll-Figueroa,FPX,1,25.32
2025-12-26,Carroll-Figueroa,TNG eWallet Offline,1,39.48
2025-12-26,"Carson, Thomas and Walters",Visa,1,59.97
2025-12-26,Christensen-Cole,DuitNow QR Offline,1,1.08
2025-12-26,Christensen-Cole,FPX,1,35.23
2025-12-26,Christensen-Cole,Mastercard,1,34.64
2025-12-26,Christensen-Cole,TNG eWallet,1,15.54
2025-12-26,Christensen-Cole,TNG eWallet Offline,1,354.24
2025-12-26,"Cox, Clark and Davis",DuitNow QR,1,0.8
2025-12-26,Cross PLC,TNG eWallet,1,32.44
2025-12-26,Cruz-Hutchinson,DuitNow QR Offline,1,11.62
2025-12-26,Cruz-Hutchinson,TNG eWallet,2,92.42
2025-12-26,Cunningham-Rice,DuitNow QR Offline,1,59.91
2025-12-26,Davis-Dennis,Shopee PayLater,1,27.66
2025-12-26,Davis-Henderson,Shopee PayLater,1,24.58
2025-12-26,Davis-Henderson,TNG eWallet,1,573.74
2025-12-26,"Dixon, Goodwin and Williams",FPX,1,17.02
2025-12-26,"Dixon, Goodwin and Williams",Visa,1,49.26
2025-12-26,"Dodson, Thompson and Perez",FPX,1,26.97
2025-12-26,"Dodson, Thompson and Perez",TNG eWallet,1,12.24
2025-12-26,Duncan-Cannon,DuitNow QR Offline,1,785.03
2025-12-26,Dunn-Lucas,DuitNow QR,1,4.85
2025-12-26,Dunn-Lucas,TNG eWallet,1,356.3
2025-12-26,"Figueroa, Sanchez and Smith",DuitNow QR,1,34.5
2025-12-26,"Figueroa, Sanchez and Smith",TNG eWallet,1,31.4
2025-12-26,Ford-Payne,TNG eWallet Offline,1,64.96
2025-12-26,"Garcia, Mercado and Potter",DuitNow QR Offline,2,540.01
2025-12-26,"Garcia, Mercado and Potter",Google Pay,1,30.23
2025-12-26,"Gomez, Valdez and Rodriguez",DuitNow QR Offline,1,400.69
2025-12-26,"Gomez, Valdez and Rodriguez",Mastercard,1,38.14
2025-12-26,"Gomez, Valdez and Rodriguez",PayLater by Grab,1,30.59
2025-12-26,"Gonzalez, Klein and French",DuitNow QR,1,493.76
2025-12-26,Gross-Harrington,DuitNow QR,1,0.63
2025-12-26,Gross-Harrington,Shopee PayLater,1,44.14
2025-12-26,"Haynes, Jenkins and Cook",DuitNow QR,1,27.97
2025-12-26,"Haynes, Jenkins and Cook",DuitNow QR Offline,1,20.59
2025-12-26,"Haynes, Jenkins and Cook",Mastercard,1,35.65
2025-12-26,"Haynes, Jenkins and Cook",TNG eWallet,1,24.17
2025-12-26,Hudson-Graham,DuitNow QR Offline,1,41.57
2025-12-26,Hudson-Graham,TNG eWallet,1,0.91
2025-12-26,Hudson-Graham,TNG eWallet Offline,1,31.06
2025-12-26,Hunter and Sons,FPX,1,33.49
2025-12-26,Hunter and Sons,Visa,1,26.71
2025-12-26,"Ingram, Pratt and York",FPX,1,102.24
2025-12-26,"Ingram, Pratt and York",Mastercard,1,19.62
2025-12-26,Johnson Inc,DuitNow QR Offline,1,34.4
2025-12-26,Johnson Inc,FPX,1,31.28
2025-12-26,Johnson Inc,TNG eWallet,1,46.63
2025-12-26,"Johnson, Key and Wells",Mastercard,1,21.55
2025-12-26,"Johnson, Key and Wells",TNG eWallet,1,6.0
2025-12-26,"Johnson, Moore and Smith",TNG eWallet,1,71.74
2025-12-26,Johnson-Wright,DuitNow QR,1,66.81
2025-12-26,Jones LLC,DuitNow QR Offline,1,30.65
2025-12-26,Jones LLC,Google Pay,2,327.5
2025-12-26,"Jones, Cole and Haynes",TNG eWallet,2,73.07
2025-12-26,"Jones, Spencer and Mata",TNG eWallet Offline,1,51.31
2025-12-26,"Jones, Spencer and Mata",Visa,1,57.5
2025-12-26,Jones-Prince,DuitNow QR Offline,1,37.32
2025-12-26,Jones-Prince,FPX,1,35.42
2025-12-26,Jones-Prince,TNG eWallet,1,2355.68
2025-12-26,Jordan Ltd,DuitNow QR Offline,2,538.99
2025-12-26,"Juarez, Brown and Wilson",Mastercard,1,15.47
2025-12-26,Kerr-Taylor,Visa,1,75.21
2025-12-26,King LLC,TNG eWallet,1,229.42
2025-12-26,King LLC,TNG eWallet Offline,1,13.21
2025-12-26,King-Friedman,FPX,1,617.69
2025-12-26,King-Friedman,Google Pay,1,0.55
2025-12-26,"Knox, Bullock and Bowman",FPX,1,33.8
2025-12-26,"Lambert, Williams and Phelps",DuitNow QR,1,67.59
2025-12-26,"Lambert, Williams and Phelps",TNG eWallet Offline,1,22.73
2025-12-26,"Le, Hoffman and Fowler",DuitNow QR Offline,1,47.47
2025-12-26,Lee Group,TNG eWallet,1,0.81
2025-12-26,"Levine, Barron and Jones",Apple Pay,1,36.37
2025-12-26,Mahoney PLC,DuitNow QR Offline,1,587.21
2025-12-26,Mahoney PLC,FPX,1,55.6
2025-12-26,Mahoney PLC,TNG eWallet,1,42.92
2025-12-26,"Martinez, Gray and Kent",Apple Pay,1,38.97
2025-12-26,Martinez-Abbott,DuitNow QR,1,0.2
2025-12-26,Martinez-Abbott,Mastercard,1,16.38
2025-12-26,Martinez-Abbott,PayLater by Grab,1,908.22
2025-12-26,Martinez-Abbott,TNG eWallet,1,35.26
2025-12-26,Martinez-Harvey,TNG eWallet Offline,1,49.83
2025-12-26,Maxwell Group,TNG eWallet,2,427.79999999999995
2025-12-26,Maxwell Group,Visa,1,13.96
2025-12-26,"Maynard, Green and Cook",DuitNow QR Offline,1,0.84
2025-12-26,"Maynard, Green and Cook",PayLater by Grab,1,16.54
2025-12-26,"Mcdonald, Castro and Pearson",TNG eWallet,1,399.31
2025-12-26,"Mcdonald, Castro and Pearson",Visa,1,498.06
2025-12-26,Mcguire Ltd,TNG eWallet,2,52.92
2025-12-26,Moss-Chapman,DuitNow QR,2,75.97
2025-12-26,Moss-Chapman,TNG eWallet,1,24.26
2025-12-26,Murphy Ltd,DuitNow QR,2,51.25
2025-12-26,Murphy Ltd,DuitNow QR Offline,1,70.03
2025-12-26,Murphy Ltd,Google Pay,1,48.22
2025-12-26,Murphy Ltd,Visa,1,30.92
2025-12-26,"Nichols, Farmer and Floyd",DuitNow QR,2,49.56
2025-12-26,"Nichols, Farmer and Floyd",DuitNow QR Offline,1,32.41
2025-12-26,"Nichols, Farmer and Floyd",Shopee PayLater,1,17.94
2025-12-26,Nolan LLC,FPX,1,56.18
2025-12-26,Nolan LLC,Shopee PayLater,1,31.99
2025-12-26,Nolan LLC,TNG eWallet,2,51.81
2025-12-26,Owens Group,DuitNow QR,1,23.08
2025-12-26,Owens Group,FPX,1,19.04
2025-12-26,"Owens, Green and Clark",DuitNow QR,1,21.69
2025-12-26,"Owens, Green and Clark",Visa,1,34.04
2025-12-26,Parker Ltd,Visa,1,203.25
2025-12-26,Perez-Gardner,FPX,2,54.67
2025-12-26,Perez-Gardner,TNG eWallet,1,62.28
2025-12-26,Perez-Gardner,TNG eWallet Offline,1,54.09
2025-12-26,"Petty, Rodriguez and Khan",DuitNow QR Offline,1,52.78
2025-12-26,Phillips LLC,DuitNow QR,1,21.34
2025-12-26,Pineda PLC,TNG eWallet Offline,1,56.25
2025-12-26,Pruitt LLC,DuitNow QR Offline,1,35.1
2025-12-26,Pruitt LLC,FPX,1,61.2
2025-12-26,Pruitt LLC,Mastercard,1,17.32
2025-12-26,Pruitt LLC,Visa,1,29.71
2025-12-26,"Ramos, Moore and Coleman",DuitNow QR Offline,1,23.97
2025-12-26,Reid Group,Mastercard,1,665.49
2025-12-26,Reid Group,TNG eWallet Offline,1,47.46
2025-12-26,"Reyes, Blackwell and Jenkins",Apple Pay,1,46.45
2025-12-26,"Reyes, Blackwell and Jenkins",TNG eWallet Offline,2,115.74000000000001
2025-12-26,Richardson-Warren,DuitNow QR Offline,1,72.18
2025-12-26,Richardson-Warren,FPX,1,126.35
2025-12-26,"Roberts, Wong and Morales",DuitNow QR,1,20.52
2025-12-26,"Roberts, Wong and Morales",DuitNow QR Offline,1,52.3
2025-12-26,Robinson-Burnett,DuitNow QR Offline,1,38.28
2025-12-26,Robinson-Burnett,FPX,1,31.23
2025-12-26,"Rodriguez, Jackson and Gomez",FPX,1,15.21
2025-12-26,"Rodriguez, Jackson and Gomez",TNG eWallet Offline,1,51.15
2025-12-26,Rodriguez-Sanchez,DuitNow QR Offline,1,62.57
2025-12-26,Rodriguez-Sanchez,Mastercard,1,67.41
2025-12-26,Russell and Sons,DuitNow QR,1,56.12
2025-12-26,Russell and Sons,FPX,1,21.77
2025-12-26,"Schmidt, Smith and Ramirez",FPX,1,0.46
2025-12-26,"Schmitt, Murphy and Warner",TNG eWallet Offline,1,6.9
2025-12-26,Shah Group,DuitNow QR,1,42.15
2025-12-26,Shah Group,DuitNow QR Offline,1,8.67
2025-12-26,Simon and Sons,FPX,1,30.96
2025-12-26,Simon and Sons,Google Pay,1,10.22
2025-12-26,Simon and Sons,Visa,1,28.25
2025-12-26,"Smith, Ramsey and Holder",TNG eWallet,1,48.1
2025-12-26,Soto-Mora,DuitNow QR,1,34.21
2025-12-26,Soto-Mora,TNG eWallet,1,12.33
2025-12-26,"Spencer, Martinez and Gallegos",DuitNow QR,1,53.47
2025-12-26,"Spencer, Martinez and Gallegos",Visa,1,0.83
2025-12-26,"Stafford, Hood and Ward",FPX,1,28.57
2025-12-26,"Sutton, Howard and Rollins",TNG eWallet,1,55.0
2025-12-26,"Sutton, Howard and Rollins",TNG eWallet Offline,1,588.1
2025-12-26,Sweeney-Thompson,DuitNow QR Offline,1,42.9
2025-12-26,Sweeney-Thompson,TNG eWallet,1,0.53
2025-12-26,Sweeney-Thompson,TNG eWallet Offline,1,43.31
2025-12-26,"Taylor, Colon and Hart",DuitNow QR,2,107.21
2025-12-26,"Taylor, Colon and Hart",DuitNow QR Offline,1,50.97
2025-12-26,"Thompson, Rivera and Ross",Mastercard,1,21.73
2025-12-26,"Trevino, Bright and Mendoza",FPX,1,0.19
2025-12-26,"Trevino, Bright and Mendoza",TNG eWallet Offline,1,18.03
2025-12-26,"Walker, Floyd and Graham",Google Pay,1,38.8
2025-12-26,"Walker, Floyd and Graham",Shopee PayLater,1,67.38
2025-12-26,Wall LLC,FPX,1,26.63
2025-12-26,Walsh-Jones,DuitNow QR,1,15.34
2025-12-26,Walsh-Jones,DuitNow QR Offline,2,620.79
2025-12-26,"White, Flores and Lucas",Mastercard,1,40.76
2025-12-26,"White, Flores and Lucas",TNG eWallet Offline,1,53.58
2025-12-26,Williams Inc,FPX,1,36.86
2025-12-26,"Williams, Morrison and Larson",Mastercard,1,55.04
2025-12-26,"Williams, Morrison and Larson",TNG eWallet,1,40.82
2025-12-26,"Williams, Morrison and Larson",TNG eWallet Offline,1,0.78
2025-12-26,"Williamson, Jones and Higgins",FPX,1,30.28
2025-12-26,Young-Huffman,FPX,1,10.18
2025-12-26,Young-Huffman,TNG eWallet,1,56.88
2025-12-27,Acevedo LLC,DuitNow QR Offline,1,59.47
2025-12-27,Acevedo LLC,FPX,2,19.77
2025-12-27,Aguilar Group,DuitNow QR,1,32.47
2025-12-27,Aguilar Group,Shopee PayLater,1,71.26
2025-12-27,Aguilar Group,Visa,1,22.51
2025-12-27,"Aguilar, Bonilla and Lee",DuitNow QR Offline,1,9.35
2025-12-27,"Aguilar, Bonilla and Lee",Google Pay,1,43.68
2025-12-27,Aguilar-Gomez,DuitNow QR,1,3.75
2025-12-27,Arnold PLC,TNG eWallet,1,16.32
2025-12-27,Barron-Fisher,Apple Pay,1,15.34
2025-12-27,Barron-Fisher,DuitNow QR Offline,1,1.0
2025-12-27,Barron-Fisher,Mastercard,2,80.19
2025-12-27,Barron-Fisher,TNG eWallet,1,43.42
2025-12-27,Barron-Fisher,Visa,1,21.36
2025-12-27,Bowen PLC,FPX,1,51.05
2025-12-27,Bowen PLC,Mastercard,1,31.9
2025-12-27,Bowen PLC,Visa,1,497.73
2025-12-27,"Burke, Mann and Schroeder",DuitNow QR Offline,2,18.97
2025-12-27,"Burke, Mann and Schroeder",Mastercard,1,0.2
2025-12-27,"Burke, Mann and Schroeder",Visa,1,42.36
2025-12-27,Cannon and Sons,DuitNow QR Offline,1,69.7
2025-12-27,Carroll-Figueroa,DuitNow QR Offline,1,9.19
2025-12-27,Carroll-Figueroa,Mastercard,1,73.06
2025-12-27,"Carson, Thomas and Walters",Mastercard,1,29.21
2025-12-27,"Carson, Thomas and Walters",TNG eWallet,1,29.9
2025-12-27,"Carson, Thomas and Walters",Visa,1,40.51
2025-12-27,Christensen-Cole,TNG eWallet Offline,1,0.68
2025-12-27,"Cox, Clark and Davis",FPX,1,737.94
2025-12-27,Cross PLC,DuitNow QR,1,368.51
2025-12-27,Cross PLC,FPX,1,28.42
2025-12-27,Cross PLC,TNG eWallet,1,21.62
2025-12-27,Cruz-Hutchinson,FPX,1,42.52
2025-12-27,Cruz-Hutchinson,TNG eWallet,1,24.81
2025-12-27,Cunningham-Rice,DuitNow QR,1,36.69
2025-12-27,Cunningham-Rice,TNG eWallet,1,18.47
2025-12-27,Davis-Dennis,TNG eWallet Offline,1,60.09
2025-12-27,Davis-Dennis,Visa,1,1.81
2025-12-27,Davis-Henderson,Visa,1,7.8
2025-12-27,Duncan-Cannon,TNG eWallet,1,31.57
2025-12-27,Dunn-Lucas,TNG eWallet,1,144.9
2025-12-27,"Figueroa, Sanchez and Smith",DuitNow QR,1,53.91
2025-12-27,"Figueroa, Sanchez and Smith",Shopee PayLater,1,17.35
2025-12-27,"Figueroa, Sanchez and Smith",TNG eWallet Offline,1,41.58
2025-12-27,Galloway Inc,TNG eWallet,1,15.29
2025-12-27,"Garcia, Mercado and Potter",DuitNow QR,2,74.68
2025-12-27,"Garcia, Mercado and Potter",DuitNow QR Offline,2,27.28
2025-12-27,"Garcia, Mercado and Potter",FPX,2,94.41
2025-12-27,"Garcia, Mercado and Potter",Visa,1,32.13
2025-12-27,Garrison-Hoffman,FPX,2,76.44999999999999
2025-12-27,Garrison-Hoffman,Mastercard,1,310.45
2025-12-27,Garrison-Hoffman,TNG eWallet,1,50.91
2025-12-27,"Gomez, Valdez and Rodriguez",FPX,1,62.57
2025-12-27,"Gomez, Valdez and Rodriguez",Mastercard,1,10.05
2025-12-27,"Gonzalez, Klein and French",FPX,1,47.43
2025-12-27,"Gonzalez, Klein and French",Google Pay,1,40.37
2025-12-27,"Gonzalez, Klein and French",TNG eWallet,1,474.29
2025-12-27,"Gonzalez, Klein and French",Visa,1,40.72
2025-12-27,Gross-Harrington,Apple Pay,1,500.89
2025-12-27,Gross-Harrington,Mastercard,1,233.53
2025-12-27,"Haynes, Jenkins and Cook",DuitNow QR,2,53.49
2025-12-27,Hudson-Graham,Apple Pay,1,34.44
2025-12-27,Hudson-Graham,TNG eWallet,1,75.08
2025-12-27,Hudson-Graham,Visa,1,63.17
2025-12-27,Hunter and Sons,DuitNow QR Offline,1,1.16
2025-12-27,Hunter and Sons,TNG eWallet Offline,1,15.1
2025-12-27,Hunter and Sons,Visa,1,21.99
2025-12-27,"Ingram, Pratt and York",TNG eWallet,2,63.16
2025-12-27,Jennings PLC,TNG eWallet,1,7.49
2025-12-27,Johnson Inc,FPX,1,23.02
2025-12-27,"Johnson, Key and Wells",DuitNow QR,1,62.88
2025-12-27,"Johnson, Key and Wells",TNG eWallet,1,27.28
2025-12-27,Johnson-Wright,FPX,1,35.85
2025-12-27,Jones LLC,DuitNow QR,1,54.52
2025-12-27,Jones LLC,TNG eWallet,1,39.83
2025-12-27,Jones LLC,TNG eWallet Offline,1,37.74
2025-12-27,"Jones, Cole and Haynes",TNG eWallet,1,63.2
2025-12-27,"Jones, Cole and Haynes",TNG eWallet Offline,2,398.22
2025-12-27,"Jones, Spencer and Mata",DuitNow QR Offline,1,26.8
2025-12-27,"Jones, Spencer and Mata",TNG eWallet,1,53.35
2025-12-27,Jones-Prince,DuitNow QR,1,25.31
2025-12-27,Jordan Ltd,DuitNow QR,1,193.98
2025-12-27,Jordan Ltd,Mastercard,1,15.29
2025-12-27,Kerr-Taylor,Visa,1,50.89
2025-12-27,King LLC,DuitNow QR,2,25.96
2025-12-27,King LLC,DuitNow QR Offline,2,276.66
2025-12-27,King-Friedman,Google Pay,1,66.72
2025-12-27,King-Friedman,Shopee PayLater,1,0.17
2025-12-27,King-Friedman,TNG eWallet,1,17.49
2025-12-27,"Knox, Bullock and Bowman",DuitNow QR Offline,1,29.67
2025-12-27,"Knox, Bullock and Bowman",TNG eWallet,2,73.28999999999999
2025-12-27,"Lambert, Williams and Phelps",FPX,1,20.0
2025-12-27,"Lambert, Williams and Phelps",TNG eWallet,1,15.23
2025-12-27,Landry-Moreno,FPX,1,7.87
2025-12-27,Landry-Moreno,PayLater by Grab,1,14.72
2025-12-27,Landry-Moreno,TNG eWallet,2,80.91
2025-12-27,"Le, Hoffman and Fowler",TNG eWallet,1,21.54
2025-12-27,Lee Group,Visa,1,12.37
2025-12-27,"Levine, Barron and Jones",DuitNow QR,2,85.34
2025-12-27,Lopez-Cole,Visa,1,14.94
2025-12-27,Mahoney PLC,DuitNow QR,1,0.27
2025-12-27,Mahoney PLC,FPX,1,63.15
2025-12-27,Martinez-Abbott,DuitNow QR,1,21.7
2025-12-27,Martinez-Abbott,Google Pay,1,20.64
2025-12-27,Martinez-Abbott,Visa,1,0.75
2025-12-27,Martinez-Harvey,FPX,1,18.83
2025-12-27,Martinez-Harvey,TNG eWallet,1,53.67
2025-12-27,Maxwell Group,DuitNow QR,1,14.38
2025-12-27,Maxwell Group,TNG eWallet,2,88.94
2025-12-27,Maxwell Group,TNG eWallet Offline,1,70.24
2025-12-27,"Maynard, Green and Cook",FPX,1,54.03
2025-12-27,"Maynard, Green and Cook",Mastercard,1,15.72
2025-12-27,"Maynard, Green and Cook",TNG eWallet Offline,1,16.85
2025-12-27,"Mcdonald, Castro and Pearson",Mastercard,1,45.66
2025-12-27,"Mcdonald, Castro and Pearson",Visa,1,19.45
2025-12-27,Mcguire Ltd,DuitNow QR Offline,1,8.2
2025-12-27,Mcguire Ltd,FPX,1,0.57
2025-12-27,Mcguire Ltd,Mastercard,1,190.4
2025-12-27,"Miller, Espinoza and Hernandez",DuitNow QR Offline,1,28.03
2025-12-27,"Miller, Espinoza and Hernandez",FPX,1,747.37
2025-12-27,Moss-Chapman,Mastercard,1,39.19
2025-12-27,Murphy Inc,Apple Pay,1,52.99
2025-12-27,Murphy Inc,Visa,1,25.96
2025-12-27,Murphy Ltd,FPX,1,57.44
2025-12-27,Murphy Ltd,PayLater by Grab,1,0.8
2025-12-27,"Nichols, Farmer and Floyd",FPX,1,17.64
2025-12-27,Nolan LLC,DuitNow QR,1,35.01
2025-12-27,Nolan LLC,FPX,1,16.48
2025-12-27,Owens Group,Google Pay,1,46.1
2025-12-27,Owens Group,TNG eWallet Offline,1,67.18
2025-12-27,"Owens, Green and Clark",Apple Pay,1,161.44
2025-12-27,"Owens, Green and Clark",DuitNow QR,1,14.91
2025-12-27,Parker Ltd,DuitNow QR,2,32.59
2025-12-27,Parker Ltd,DuitNow QR Offline,1,12.54
2025-12-27,Perez-Gardner,Mastercard,1,26.73
2025-12-27,Perez-Gardner,Shopee PayLater,1,24.61
2025-12-27,"Petty, Rodriguez and Khan",DuitNow QR Offline,1,60.43
2025-12-27,"Petty, Rodriguez and Khan",TNG eWallet Offline,1,299.83
2025-12-27,Pineda PLC,TNG eWallet,1,38.75
2025-12-27,Pruitt LLC,Mastercard,1,46.59
2025-12-27,Reid Group,DuitNow QR Offline,1,53.66
2025-12-27,Reid Group,Shopee PayLater,1,25.39
2025-12-27,Reid Group,TNG eWallet Offline,1,39.22
2025-12-27,"Reyes, Blackwell and Jenkins",DuitNow QR,1,50.48
2025-12-27,"Reyes, Blackwell and Jenkins",FPX,2,71.11
2025-12-27,"Reyes, Blackwell and Jenkins",TNG eWallet,1,54.04
2025-12-27,"Roberts, Wong and Morales",TNG eWallet,1,66.94
2025-12-27,Robinson-Burnett,DuitNow QR,1,25.89
2025-12-27,"Rodriguez, Jackson and Gomez",Mastercard,1,24.33
2025-12-27,"Rodriguez, Jackson and Gomez",TNG eWallet,1,10.51
2025-12-27,Rodriguez-Tucker,DuitNow QR,1,285.83
2025-12-27,Rodriguez-Tucker,DuitNow QR Offline,1,51.97
2025-12-27,Rodriguez-Tucker,Mastercard,1,32.68
2025-12-27,Rodriguez-Tucker,TNG eWallet,2,0.96
2025-12-27,Rodriguez-Tucker,Visa,1,63.19
2025-12-27,Rollins-Williams,Mastercard,1,667.85
2025-12-27,Russell and Sons,Mastercard,1,381.03
2025-12-27,Russell and Sons,TNG eWallet,1,16.07
2025-12-27,Russell and Sons,Visa,1,43.23
2025-12-27,"Schmidt, Smith and Ramirez",DuitNow QR,1,52.99
2025-12-27,"Schmitt, Murphy and Warner",Apple Pay,1,50.36
2025-12-27,"Schmitt, Murphy and Warner",DuitNow QR,1,4.68
2025-12-27,"Schmitt, Murphy and Warner",FPX,1,50.61
2025-12-27,"Schmitt, Murphy and Warner",Mastercard,1,25.86
2025-12-27,"Schmitt, Murphy and Warner",TNG eWallet,1,568.31
2025-12-27,Simon and Sons,DuitNow QR Offline,2,72.53999999999999
2025-12-27,Simon and Sons,Visa,1,508.35
2025-12-27,"Smith, Ramsey and Holder",DuitNow QR,1,221.96
2025-12-27,"Smith, Ramsey and Holder",TNG eWallet,1,66.7
2025-12-27,"Stafford, Hood and Ward",Apple Pay,1,2373.87
2025-12-27,"Sutton, Howard and Rollins",DuitNow QR,2,109.83
2025-12-27,"Sutton, Howard and Rollins",Google Pay,1,20.26
2025-12-27,"Sutton, Howard and Rollins",TNG eWallet,1,28.84
2025-12-27,"Taylor, Colon and Hart",DuitNow QR,1,10.94
2025-12-27,"Taylor, Colon and Hart",DuitNow QR Offline,2,734.15
2025-12-27,"Taylor, Colon and Hart",FPX,1,12.54
2025-12-27,"Walker, Floyd and Graham",TNG eWallet,1,21.98
2025-12-27,Wall LLC,PayLater by Grab,1,16.58
2025-12-27,Wall LLC,Shopee PayLater,1,53.92
2025-12-27,Walsh-Jones,DuitNow QR Offline,1,43.31
2025-12-27,Walsh-Jones,FPX,2,43.190000000000005
2025-12-27,Walsh-Jones,Visa,1,35.46
2025-12-27,"White, Flores and Lucas",Apple Pay,1,23.14
2025-12-27,"White, Flores and Lucas",FPX,1,0.5
2025-12-27,"White, Flores and Lucas",TNG eWallet,2,120.27
2025-12-27,Williams Inc,FPX,1,817.39
2025-12-27,"Williams, Morrison and Larson",DuitNow QR,1,18.73
2025-12-27,"Williams, Morrison and Larson",Shopee PayLater,1,75.14
2025-12-27,"Williams, Morrison and Larson",TNG eWallet,1,0.81
2025-12-27,"Williams, Morrison and Larson",TNG eWallet Offline,1,7.92
2025-12-27,"Williamson, Jones and Higgins",DuitNow QR,1,28.24
2025-12-27,"Williamson, Jones and Higgins",DuitNow QR Offline,1,1.08
2025-12-27,Young-Huffman,Mastercard,1,30.57
2025-12-28,Acevedo LLC,Google Pay,1,30.47
2025-12-28,Acevedo LLC,Visa,1,892.58
2025-12-28,Aguilar Group,FPX,1,34.54
2025-12-28,Aguilar Group,Google Pay,1,37.51
2025-12-28,"Aguilar, Bonilla and Lee",Google Pay,1,31.18
2025-12-28,"Aguilar, Bonilla and Lee",PayLater by Grab,1,0.77
2025-12-28,Arnold PLC,Mastercard,1,38.79
2025-12-28,Bender-Underwood,FPX,2,856.38
2025-12-28,Bender-Underwood,Mastercard,1,0.89
2025-12-28,Bowen PLC,Visa,1,38.21
2025-12-28,"Burke, Mann and Schroeder",FPX,1,38.37
2025-12-28,"Burke, Mann and Schroeder",TNG eWallet,1,15.71
2025-12-28,"Burke, Mann and Schroeder",TNG eWallet Offline,2,103.4
2025-12-28,Carroll-Figueroa,DuitNow QR Offline,1,13.33
2025-12-28,Carroll-Figueroa,Mastercard,1,28.55
2025-12-28,Carroll-Figueroa,TNG eWallet Offline,1,22.38
2025-12-28,Christensen-Cole,DuitNow QR,2,818.51
2025-12-28,Christensen-Cole,Google Pay,1,71.78
2025-12-28,Christensen-Cole,PayLater by Grab,1,13.58
2025-12-28,Christensen-Cole,TNG eWallet Offline,1,53.14
2025-12-28,Cruz-Hutchinson,Google Pay,1,40.03
2025-12-28,Cruz-Hutchinson,Visa,1,38.74
2025-12-28,Cunningham-Rice,Google Pay,1,35.97
2025-12-28,Cunningham-Rice,TNG eWallet,1,0.25
2025-12-28,"Dixon, Goodwin and Williams",Mastercard,1,0.97
2025-12-28,"Dodson, Thompson and Perez",DuitNow QR,2,102.48
2025-12-28,"Dodson, Thompson and Perez",FPX,1,53.45
2025-12-28,"Dodson, Thompson and Perez",TNG eWallet,1,297.5
2025-12-28,"Dodson, Thompson and Perez",Visa,1,40.11
2025-12-28,Duncan-Cannon,TNG eWallet,1,62.75
2025-12-28,Dunn-Lucas,FPX,1,30.21
2025-12-28,"Figueroa, Sanchez and Smith",DuitNow QR,1,32.78
2025-12-28,"Figueroa, Sanchez and Smith",Shopee PayLater,1,639.09
2025-12-28,"Figueroa, Sanchez and Smith",Visa,1,32.38
2025-12-28,Ford-Payne,FPX,1,22.17
2025-12-28,Galloway Inc,FPX,1,34.26
2025-12-28,Galloway Inc,TNG eWallet Offline,1,39.31
2025-12-28,"Garcia, Mercado and Potter",DuitNow QR,1,55.2
2025-12-28,"Garcia, Mercado and Potter",FPX,1,31.94
2025-12-28,"Garcia, Mercado and Potter",PayLater by Grab,1,0.86
2025-12-28,Garrison-Hoffman,TNG eWallet Offline,1,14.84
2025-12-28,"Gomez, Valdez and Rodriguez",DuitNow QR,1,0.69
2025-12-28,"Gomez, Valdez and Rodriguez",TNG eWallet,1,218.18
2025-12-28,"Gonzalez, Klein and French",DuitNow QR Offline,2,61.47
2025-12-28,Gross-Harrington,DuitNow QR Offline,1,27.69
2025-12-28,Gross-Harrington,FPX,1,35.44
2025-12-28,"Haynes, Jenkins and Cook",Apple Pay,1,35.15
2025-12-28,Hunter and Sons,DuitNow QR Offline,1,23.52
2025-12-28,"Johnson, Moore and Smith",Apple Pay,1,39.02
2025-12-28,Johnson-Wright,DuitNow QR Offline,1,55.26
2025-12-28,Johnson-Wright,Mastercard,1,48.48
2025-12-28,Johnson-Wright,TNG eWallet,1,45.13
2025-12-28,Jones LLC,FPX,1,48.18
2025-12-28,Jones LLC,TNG eWallet,1,38.62
2025-12-28,Jones LLC,Visa,1,29.52
2025-12-28,"Jones, Cole and Haynes",DuitNow QR Offline,1,19.13
2025-12-28,"Jones, Cole and Haynes",FPX,2,105.13999999999999
2025-12-28,"Jones, Cole and Haynes",TNG eWallet,2,79.8
2025-12-28,"Jones, Spencer and Mata",DuitNow QR,1,225.84
2025-12-28,Jones-Prince,DuitNow QR,1,50.65
2025-12-28,Jones-Prince,DuitNow QR Offline,1,33.63
2025-12-28,Jones-Prince,Mastercard,2,467.82000000000005
2025-12-28,Jones-Prince,TNG eWallet Offline,1,39.42
2025-12-28,Jordan Ltd,DuitNow QR,1,52.78
2025-12-28,Jordan Ltd,DuitNow QR Offline,1,928.07
2025-12-28,Jordan Ltd,FPX,1,29.91
2025-12-28,"Juarez, Brown and Wilson",DuitNow QR,1,0.41
2025-12-28,Kerr-Taylor,FPX,1,181.66
2025-12-28,King LLC,Mastercard,1,792.44
2025-12-28,King-Friedman,DuitNow QR Offline,1,219.49
2025-12-28,King-Friedman,FPX,2,36.86
2025-12-28,King-Friedman,PayLater by Grab,1,25.62
2025-12-28,King-Friedman,TNG eWallet,3,80.13
2025-12-28,"Lambert, Williams and Phelps",DuitNow QR,1,48.76
2025-12-28,"Lambert, Williams and Phelps",TNG eWallet,3,130.01
2025-12-28,Landry-Moreno,DuitNow QR Offline,1,47.7
2025-12-28,Landry-Moreno,FPX,1,356.87
2025-12-28,"Le, Hoffman and Fowler",DuitNow QR,2,37.8
2025-12-28,"Le, Hoffman and Fowler",FPX,1,26.39
2025-12-28,"Levine, Barron and Jones",DuitNow QR,1,15.8
2025-12-28,"Levine, Barron and Jones",FPX,1,61.28
2025-12-28,Lopez-Cole,TNG eWallet,1,68.68
2025-12-28,Lopez-Cole,Visa,1,61.18
2025-12-28,Mahoney PLC,FPX,2,73.80000000000001
2025-12-28,Mahoney PLC,Mastercard,1,29.51
2025-12-28,Mahoney PLC,TNG eWallet,1,24.17
2025-12-28,"Martinez, Gray and Kent",TNG eWallet,1,59.12
2025-12-28,Martinez-Abbott,DuitNow QR,1,33.75
2025-12-28,Martinez-Abbott,Mastercard,1,60.31
2025-12-28,Martinez-Abbott,Shopee PayLater,1,0.63
2025-12-28,Martinez-Harvey,FPX,1,31.76
2025-12-28,Martinez-Harvey,TNG eWallet,1,287.02
2025-12-28,Martinez-Harvey,TNG eWallet Offline,1,607.86
2025-12-28,Martinez-Lewis,FPX,1,75.5
2025-12-28,Maxwell Group,TNG eWallet Offline,1,16.56
2025-12-28,"Maynard, Green and Cook",DuitNow QR,2,530.28
2025-12-28,"Maynard, Green and Cook",FPX,1,42.16
2025-12-28,Mcguire Ltd,DuitNow QR,2,67.46000000000001
2025-12-28,Mcguire Ltd,DuitNow QR Offline,1,12.61
2025-12-28,Mcguire Ltd,TNG eWallet,1,27.01
2025-12-28,"Miller, Espinoza and Hernandez",FPX,1,19.02
2025-12-28,"Miller, Espinoza and Hernandez",Google Pay,1,53.64
2025-12-28,"Miller, Espinoza and Hernandez",Mastercard,1,42.64
2025-12-28,Moss-Chapman,DuitNow QR Offline,1,479.06
2025-12-28,Moss-Chapman,FPX,2,79.84
2025-12-28,Moss-Chapman,TNG eWallet,1,18.95
2025-12-28,Moss-Chapman,TNG eWallet Offline,1,30.4
2025-12-28,Murphy Inc,TNG eWallet,1,303.78
2025-12-28,Murphy Ltd,TNG eWallet,2,47.040000000000006
2025-12-28,Murphy Ltd,Visa,1,30.16
2025-12-28,"Nichols, Farmer and Floyd",DuitNow QR,4,164.1
2025-12-28,"Nichols, Farmer and Floyd",TNG eWallet,1,11.49
2025-12-28,Nolan LLC,FPX,1,19.64
2025-12-28,Nolan LLC,TNG eWallet,1,13.09
2025-12-28,Nolan LLC,Visa,1,20.86
2025-12-28,Owens Group,Google Pay,1,3.69
2025-12-28,"Owens, Green and Clark",Mastercard,1,798.82
2025-12-28,"Owens, Green and Clark",TNG eWallet,3,42.64
2025-12-28,Parker Ltd,DuitNow QR,1,0.88
2025-12-28,Parker Ltd,FPX,1,21.83
2025-12-28,Parker Ltd,Mastercard,1,170.09
2025-12-28,Parker Ltd,Shopee PayLater,1,30.93
2025-12-28,Perez-Gardner,Mastercard,1,366.65
2025-12-28,Perez-Gardner,TNG eWallet,1,75.01
2025-12-28,"Petty, Rodriguez and Khan",TNG eWallet,1,39.06
2025-12-28,Phillips LLC,FPX,1,53.86
2025-12-28,Phillips LLC,TNG eWallet,1,30.59
2025-12-28,Pineda PLC,TNG eWallet,1,53.67
2025-12-28,"Ramos, Moore and Coleman",FPX,1,604.31
2025-12-28,"Ramos, Moore and Coleman",TNG eWallet,1,44.05
2025-12-28,"Ramos, Moore and Coleman",Visa,1,1.15
2025-12-28,Reid Group,TNG eWallet,1,22.05
2025-12-28,"Reyes, Blackwell and Jenkins",FPX,1,65.18
2025-12-28,"Reyes, Blackwell and Jenkins",Visa,1,26.95
2025-12-28,Richardson-Warren,DuitNow QR,1,43.59
2025-12-28,"Roberts, Wong and Morales",FPX,1,237.74
2025-12-28,"Roberts, Wong and Morales",Mastercard,1,71.13
2025-12-28,Robinson-Burnett,DuitNow QR,1,62.66
2025-12-28,Robinson-Burnett,DuitNow QR Offline,1,61.07
2025-12-28,Robinson-Burnett,Google Pay,1,35.93
2025-12-28,"Rodriguez, Jackson and Gomez",DuitNow QR,1,61.96
2025-12-28,"Rodriguez, Jackson and Gomez",TNG eWallet,2,836.9499999999999
2025-12-28,Rodriguez-Sanchez,Shopee PayLater,1,557.82
2025-12-28,Rodriguez-Tucker,DuitNow QR Offline,1,21.89
2025-12-28,Rodriguez-Tucker,Mastercard,1,28.95
2025-12-28,Rodriguez-Tucker,TNG eWallet,1,4.57
2025-12-28,Rodriguez-Tucker,Visa,2,49.34
2025-12-28,Rollins-Williams,DuitNow QR,1,31.11
2025-12-28,Rose-Rubio,DuitNow QR,1,15.43
2025-12-28,Rose-Rubio,Shopee PayLater,1,0.51
2025-12-28,Russell and Sons,DuitNow QR,1,934.91
2025-12-28,Russell and Sons,PayLater by Grab,1,1076.01
2025-12-28,Russell and Sons,Visa,1,41.72
2025-12-28,"Schmidt, Smith and Ramirez",DuitNow QR,2,51.24
2025-12-28,"Schmidt, Smith and Ramirez",Mastercard,1,30.76
2025-12-28,"Schmitt, Murphy and Warner",Apple Pay,1,409.66
2025-12-28,"Schmitt, Murphy and Warner",FPX,1,11.19
2025-12-28,Simon and Sons,FPX,1,1793.67
2025-12-28,Simon and Sons,PayLater by Grab,1,66.13
2025-12-28,Soto-Mora,DuitNow QR,2,92.38
2025-12-28,Soto-Mora,Shopee PayLater,1,45.38
2025-12-28,"Spencer, Martinez and Gallegos",DuitNow QR,1,226.17
2025-12-28,"Spencer, Martinez and Gallegos",TNG eWallet,2,103.7
2025-12-28,"Stafford, Hood and Ward",DuitNow QR Offline,1,1121.16
2025-12-28,"Stafford, Hood and Ward",Google Pay,1,18.05
2025-12-28,"Sutton, Howard and Rollins",Apple Pay,1,58.57
2025-12-28,"Sutton, Howard and Rollins",Visa,1,28.1
2025-12-28,"Taylor, Colon and Hart",Google Pay,1,600.62
2025-12-28,"Taylor, Colon and Hart",TNG eWallet Offline,1,37.32
2025-12-28,"Trevino, Bright and Mendoza",DuitNow QR Offline,1,27.58
2025-12-28,"Walker, Floyd and Graham",Mastercard,1,13.17
2025-12-28,"Walker, Floyd and Graham",TNG eWallet,1,71.19
2025-12-28,Wall LLC,DuitNow QR,1,34.38
2025-12-28,Wall LLC,TNG eWallet,1,43.95
2025-12-28,Wall LLC,TNG eWallet Offline,1,58.37
2025-12-28,"White, Flores and Lucas",FPX,1,1012.18
2025-12-28,Williams Inc,DuitNow QR,1,6.93
2025-12-28,"Williams, Morrison and Larson",DuitNow QR Offline,1,66.29
2025-12-28,"Williams, Morrison and Larson",TNG eWallet Offline,2,59.14
2025-12-28,"Williams, Morrison and Larson",Visa,1,31.86
2025-12-28,"Williamson, Jones and Higgins",Google Pay,1,23.46
2025-12-28,"Williamson, Jones and Higgins",TNG eWallet,1,35.61
2025-12-28,Young-Huffman,DuitNow QR Offline,1,30.01
2025-12-29,Acevedo LLC,DuitNow QR,1,47.71
2025-12-29,Acevedo LLC,Visa,1,35.07
2025-12-29,Aguilar Group,DuitNow QR,1,28.67
2025-12-29,Aguilar Group,Mastercard,1,49.1
2025-12-29,Aguilar Group,Visa,1,34.42
2025-12-29,"Aguilar, Bonilla and Lee",TNG eWallet,1,51.54
2025-12-29,Aguilar-Gomez,FPX,1,23.92
2025-12-29,Aguilar-Gomez,Shopee PayLater,1,9.1
2025-12-29,Arnold PLC,TNG eWallet,1,15.58
2025-12-29,Arnold PLC,TNG eWallet Offline,1,38.84
2025-12-29,Barron-Fisher,DuitNow QR,1,0.59
2025-12-29,Barron-Fisher,FPX,1,0.86
2025-12-29,Barron-Fisher,TNG eWallet,1,26.42
2025-12-29,Bender-Underwood,DuitNow QR Offline,2,132.2
2025-12-29,Bender-Underwood,FPX,1,54.43
2025-12-29,Bender-Underwood,Google Pay,1,67.16
2025-12-29,Bowen PLC,Apple Pay,1,64.13
2025-12-29,Bowen PLC,TNG eWallet,1,34.03
2025-12-29,"Burke, Mann and Schroeder",Mastercard,1,42.5
2025-12-29,"Burke, Mann and Schroeder",TNG eWallet,1,46.77
2025-12-29,"Burke, Mann and Schroeder",TNG eWallet Offline,1,58.78
2025-12-29,Cannon and Sons,DuitNow QR Offline,1,50.36
2025-12-29,Carroll-Figueroa,TNG eWallet,1,187.38
2025-12-29,"Carson, Thomas and Walters",Mastercard,1,29.99
2025-12-29,"Carson, Thomas and Walters",TNG eWallet Offline,1,41.23
2025-12-29,Christensen-Cole,Mastercard,1,58.68
2025-12-29,Christensen-Cole,TNG eWallet Offline,1,19.23
2025-12-29,Christensen-Cole,Visa,1,13.79
2025-12-29,Cross PLC,Apple Pay,1,32.52
2025-12-29,Cruz-Hutchinson,TNG eWallet Offline,1,35.26
2025-12-29,Cunningham-Rice,DuitNow QR,1,65.33
2025-12-29,Davis-Dennis,Apple Pay,1,65.72
2025-12-29,Davis-Dennis,Mastercard,1,31.62
2025-12-29,Davis-Dennis,TNG eWallet,1,53.03
2025-12-29,"Dixon, Goodwin and Williams",FPX,1,42.57
2025-12-29,"Dixon, Goodwin and Williams",TNG eWallet Offline,1,39.9
2025-12-29,"Dodson, Thompson and Perez",Google Pay,1,376.73
2025-12-29,"Dodson, Thompson and Perez",TNG eWallet,1,18.63
2025-12-29,Duncan-Cannon,DuitNow QR,1,17.84
2025-12-29,Duncan-Cannon,PayLater by Grab,1,27.7
2025-12-29,Duncan-Cannon,Shopee PayLater,1,23.43
2025-12-29,Duncan-Cannon,Visa,1,5.6
2025-12-29,"Figueroa, Sanchez and Smith",DuitNow QR,1,35.29
2025-12-29,"Figueroa, Sanchez and Smith",TNG eWallet,1,38.81
2025-12-29,Galloway Inc,Mastercard,1,10.11
2025-12-29,Galloway Inc,TNG eWallet,2,348.58
2025-12-29,"Garcia, Mercado and Potter",DuitNow QR,1,45.34
2025-12-29,"Garcia, Mercado and Potter",DuitNow QR Offline,1,44.7
2025-12-29,"Garcia, Mercado and Potter",TNG eWallet,1,28.82
2025-12-29,Garrison-Hoffman,DuitNow QR Offline,1,430.48
2025-12-29,"Gomez, Valdez and Rodriguez",FPX,1,32.39
2025-12-29,"Gomez, Valdez and Rodriguez",Mastercard,1,25.42
2025-12-29,"Gomez, Valdez and Rodriguez",Visa,1,24.96
2025-12-29,"Haynes, Jenkins and Cook",DuitNow QR Offline,1,24.62
2025-12-29,"Haynes, Jenkins and Cook",TNG eWallet Offline,1,32.08
2025-12-29,Hunter and Sons,DuitNow QR,1,17.05
2025-12-29,Hunter and Sons,DuitNow QR Offline,1,18.75
2025-12-29,Jennings PLC,TNG eWallet Offline,1,276.43
2025-12-29,"Johnson, Key and Wells",DuitNow QR Offline,1,708.02
2025-12-29,"Johnson, Key and Wells",TNG eWallet,1,65.92
2025-12-29,"Johnson, Moore and Smith",DuitNow QR Offline,1,59.51
2025-12-29,Johnson-Wright,DuitNow QR,1,327.12
2025-12-29,Johnson-Wright,Shopee PayLater,1,0.22
2025-12-29,Johnson-Wright,TNG eWallet,1,59.63
2025-12-29,"Jones, Cole and Haynes",DuitNow QR,2,821.5400000000001
2025-12-29,"Jones, Cole and Haynes",Mastercard,1,33.37
2025-12-29,"Jones, Spencer and Mata",TNG eWallet Offline,1,32.43
2025-12-29,Jones-Prince,DuitNow QR Offline,1,38.77
2025-12-29,Jones-Prince,TNG eWallet,1,68.91
2025-12-29,Jordan Ltd,DuitNow QR,1,23.84
2025-12-29,Jordan Ltd,TNG eWallet,1,25.74
2025-12-29,"Juarez, Brown and Wilson",FPX,2,7.55
2025-12-29,"Juarez, Brown and Wilson",TNG eWallet,1,22.8
2025-12-29,Kerr-Taylor,Visa,1,15.0
2025-12-29,King LLC,Shopee PayLater,1,45.9
2025-12-29,King LLC,TNG eWallet,1,34.23
2025-12-29,King LLC,TNG eWallet Offline,1,56.86
2025-12-29,King-Friedman,DuitNow QR,1,26.88
2025-12-29,King-Friedman,Visa,1,128.27
2025-12-29,"Knox, Bullock and Bowman",Apple Pay,1,43.0
2025-12-29,"Knox, Bullock and Bowman",DuitNow QR,1,41.88
2025-12-29,"Knox, Bullock and Bowman",Mastercard,1,54.79
2025-12-29,"Lambert, Williams and Phelps",DuitNow QR Offline,1,57.74
2025-12-29,"Lambert, Williams and Phelps",FPX,1,33.16
2025-12-29,"Lambert, Williams and Phelps",TNG eWallet,2,58.67
2025-12-29,"Lambert, Williams and Phelps",TNG eWallet Offline,1,423.41
2025-12-29,"Le, Hoffman and Fowler",Mastercard,1,38.05
2025-12-29,Lee Group,DuitNow QR Offline,1,34.89
2025-12-29,Lee Group,FPX,1,55.98
2025-12-29,Lee Group,Visa,1,35.53
2025-12-29,"Levine, Barron and Jones",Google Pay,1,49.38
2025-12-29,Lopez-Cole,Shopee PayLater,1,0.77
2025-12-29,Lopez-Cole,TNG eWallet Offline,2,774.8900000000001
2025-12-29,Mahoney PLC,DuitNow QR,1,62.74
2025-12-29,Mahoney PLC,DuitNow QR Offline,1,34.21
2025-12-29,Mahoney PLC,FPX,2,473.43
2025-12-29,Mahoney PLC,TNG eWallet Offline,2,66.24000000000001
2025-12-29,Mahoney PLC,Visa,1,33.67
2025-12-29,"Martinez, Gray and Kent",DuitNow QR,1,474.39
2025-12-29,"Martinez, Gray and Kent",Mastercard,1,27.01
2025-12-29,Martinez-Abbott,Mastercard,2,55.989999999999995
2025-12-29,Martinez-Abbott,TNG eWallet Offline,1,539.88
2025-12-29,Martinez-Harvey,DuitNow QR,3,760.15
2025-12-29,Martinez-Harvey,FPX,2,843.8100000000001
2025-12-29,Martinez-Harvey,TNG eWallet Offline,1,6.98
2025-12-29,Maxwell Group,Apple Pay,1,17.52
2025-12-29,Maxwell Group,DuitNow QR Offline,1,34.62
2025-12-29,Maxwell Group,Visa,1,7.92
2025-12-29,"Maynard, Green and Cook",DuitNow QR Offline,1,16.75
2025-12-29,"Maynard, Green and Cook",Mastercard,1,10.25
2025-12-29,"Maynard, Green and Cook",Visa,2,58.22
2025-12-29,Mcguire Ltd,DuitNow QR Offline,1,456.48
2025-12-29,Mcguire Ltd,FPX,1,48.06
2025-12-29,Mcguire Ltd,TNG eWallet,1,174.42
2025-12-29,Mcguire Ltd,Visa,1,33.1
2025-12-29,"Morton, Harvey and Shelton",TNG eWallet,1,38.9
2025-12-29,Murphy Inc,TNG eWallet Offline,1,31.67
2025-12-29,Murphy Ltd,DuitNow QR Offline,1,7.37
2025-12-29,Murphy Ltd,TNG eWallet,1,66.34
2025-12-29,"Nichols, Farmer and Floyd",Mastercard,1,28.42
2025-12-29,Nolan LLC,Mastercard,1,31.98
2025-12-29,Owens Group,FPX,1,0.5
2025-12-29,Owens Group,TNG eWallet Offline,1,21.96
2025-12-29,"Owens, Green and Clark",TNG eWallet,1,62.48
2025-12-29,"Owens, Green and Clark",TNG eWallet Offline,1,68.65
2025-12-29,Parker Ltd,DuitNow QR Offline,1,53.46
2025-12-29,Parker Ltd,FPX,1,29.38
2025-12-29,Parker Ltd,Visa,1,16.94
2025-12-29,Perez-Gardner,PayLater by Grab,1,46.97
2025-12-29,"Petty, Rodriguez and Khan",TNG eWallet Offline,1,63.29
2025-12-29,Pruitt LLC,TNG eWallet,1,45.23
2025-12-29,Pruitt LLC,TNG eWallet Offline,1,52.36
2025-12-29,"Ramos, Moore and Coleman",DuitNow QR Offline,1,39.58
2025-12-29,"Ramos, Moore and Coleman",FPX,2,740.6600000000001
2025-12-29,"Ramos, Moore and Coleman",Visa,1,46.22
2025-12-29,Reid Group,DuitNow QR Offline,1,21.84
2025-12-29,Richardson-Warren,DuitNow QR Offline,1,30.64
2025-12-29,Richardson-Warren,FPX,2,82.07
2025-12-29,Richardson-Warren,Mastercard,1,40.2
2025-12-29,Richardson-Warren,TNG eWallet,3,145.51
2025-12-29,Robinson-Burnett,DuitNow QR Offline,3,628.01
2025-12-29,Rodriguez-Sanchez,PayLater by Grab,1,40.68
2025-12-29,Rodriguez-Tucker,DuitNow QR,2,45.239999999999995
2025-12-29,Rodriguez-Tucker,FPX,1,27.25
2025-12-29,Rodriguez-Tucker,TNG eWallet,1,28.47
2025-12-29,Rodriguez-Tucker,Visa,1,0.68
2025-12-29,Rose-Rubio,DuitNow QR,1,12.38
2025-12-29,Rose-Rubio,TNG eWallet,1,64.46
2025-12-29,Russell and Sons,Google Pay,1,53.22
2025-12-29,Russell and Sons,Mastercard,1,36.03
2025-12-29,"Schmidt, Smith and Ramirez",Mastercard,1,26.89
2025-12-29,"Schmidt, Smith and Ramirez",TNG eWallet Offline,1,225.72
2025-12-29,"Schmitt, Murphy and Warner",DuitNow QR,2,79.92
2025-12-29,"Schmitt, Murphy and Warner",FPX,1,44.67
2025-12-29,"Schmitt, Murphy and Warner",Mastercard,1,38.82
2025-12-29,"Schmitt, Murphy and Warner",TNG eWallet,1,30.2
2025-12-29,"Schmitt, Murphy and Warner",TNG eWallet Offline,1,74.29
2025-12-29,Shah Group,FPX,2,54.91
2025-12-29,Simon and Sons,DuitNow QR,1,54.76
2025-12-29,Simon and Sons,DuitNow QR Offline,1,1049.54
2025-12-29,Simon and Sons,Mastercard,1,38.11
2025-12-29,Simon and Sons,PayLater by Grab,1,27.31
2025-12-29,Simon and Sons,TNG eWallet,1,20.16
2025-12-29,Simon and Sons,TNG eWallet Offline,1,1.01
2025-12-29,Soto-Mora,Apple Pay,1,39.73
2025-12-29,Soto-Mora,DuitNow QR,1,38.76
2025-12-29,Soto-Mora,DuitNow QR Offline,1,41.34
2025-12-29,Soto-Mora,FPX,1,30.68
2025-12-29,Soto-Mora,TNG eWallet,1,44.97
2025-12-29,Soto-Mora,Visa,1,34.66
2025-12-29,"Spencer, Martinez and Gallegos",DuitNow QR,1,1011.69
2025-12-29,"Spencer, Martinez and Gallegos",DuitNow QR Offline,1,34.22
2025-12-29,"Spencer, Martinez and Gallegos",FPX,1,0.63
2025-12-29,"Spencer, Martinez and Gallegos",TNG eWallet,1,47.89
2025-12-29,"Stafford, Hood and Ward",DuitNow QR,1,50.18
2025-12-29,"Stafford, Hood and Ward",Mastercard,1,11.32
2025-12-29,"Stafford, Hood and Ward",PayLater by Grab,1,714.2
2025-12-29,Sweeney-Thompson,TNG eWallet Offline,1,19.07
2025-12-29,"Taylor, Colon and Hart",PayLater by Grab,1,30.83
2025-12-29,"Taylor, Colon and Hart",TNG eWallet,2,56.629999999999995
2025-12-29,"Taylor, Colon and Hart",TNG eWallet Offline,1,29.09
2025-12-29,"Taylor, Colon and Hart",Visa,1,1.0
2025-12-29,"Thompson, Rivera and Ross",TNG eWallet,1,43.07
2025-12-29,"Trevino, Bright and Mendoza",DuitNow QR Offline,1,37.0
2025-12-29,"Trevino, Bright and Mendoza",FPX,1,388.07
2025-12-29,"Trevino, Bright and Mendoza",TNG eWallet,1,19.39
2025-12-29,"Walker, Floyd and Graham",TNG eWallet,1,42.95
2025-12-29,Wall LLC,FPX,2,82.14
2025-12-29,Walsh-Jones,DuitNow QR,1,23.35
2025-12-29,"White, Flores and Lucas",FPX,1,14.53
2025-12-29,"White, Flores and Lucas",TNG eWallet,1,13.63
2025-12-29,"White, Flores and Lucas",TNG eWallet Offline,1,57.74
2025-12-29,"White, Flores and Lucas",Visa,1,38.09
2025-12-29,"Williams, Morrison and Larson",DuitNow QR Offline,1,32.77
2025-12-29,"Williams, Morrison and Larson",TNG eWallet Offline,1,441.48
2025-12-29,"Williamson, Jones and Higgins",DuitNow QR,1,48.97
2025-12-29,"Williamson, Jones and Higgins",DuitNow QR Offline,1,23.72
2025-12-29,Young-Huffman,DuitNow QR,1,539.25
2025-12-30,Acevedo LLC,Mastercard,2,57.41
2025-12-30,Aguilar Group,DuitNow QR Offline,1,62.16
2025-12-30,Aguilar Group,TNG eWallet Offline,2,110.53999999999999
2025-12-30,"Aguilar, Bonilla and Lee",Shopee PayLater,1,14.27
2025-12-30,Aguilar-Gomez,FPX,1,40.3
2025-12-30,Barron-Fisher,TNG eWallet Offline,1,826.36
2025-12-30,Bender-Underwood,TNG eWallet,1,17.71
2025-12-30,Bowen PLC,DuitNow QR,1,49.16
2025-12-30,Bowen PLC,FPX,1,30.61
2025-12-30,Bowen PLC,TNG eWallet,1,33.69
2025-12-30,Bowen PLC,TNG eWallet Offline,1,875.17
2025-12-30,Bowen PLC,Visa,2,32.06
2025-12-30,"Burke, Mann and Schroeder",DuitNow QR,1,320.74
2025-12-30,Carroll-Figueroa,DuitNow QR,1,702.86
2025-12-30,Carroll-Figueroa,TNG eWallet,1,50.56
2025-12-30,Christensen-Cole,TNG eWallet,1,63.78
2025-12-30,"Cox, Clark and Davis",DuitNow QR Offline,1,33.98
2025-12-30,Cruz-Hutchinson,FPX,1,29.17
2025-12-30,Cruz-Hutchinson,Mastercard,1,49.79
2025-12-30,Cunningham-Rice,FPX,1,60.58
2025-12-30,Davis-Henderson,Mastercard,1,44.35
2025-12-30,Davis-Henderson,TNG eWallet,1,23.85
2025-12-30,Davis-Henderson,TNG eWallet Offline,1,51.31
2025-12-30,"Dixon, Goodwin and Williams",DuitNow QR Offline,1,1090.77
2025-12-30,"Dixon, Goodwin and Williams",Mastercard,1,16.87
2025-12-30,"Dixon, Goodwin and Williams",TNG eWallet,1,7.5
2025-12-30,"Dixon, Goodwin and Williams",Visa,1,21.58
2025-12-30,"Dodson, Thompson and Perez",DuitNow QR Offline,1,412.36
2025-12-30,"Dodson, Thompson and Perez",TNG eWallet Offline,1,43.08
2025-12-30,Duncan-Cannon,DuitNow QR Offline,1,40.21
2025-12-30,Duncan-Cannon,TNG eWallet,1,51.26
2025-12-30,Dunn-Lucas,FPX,1,22.22
2025-12-30,"Figueroa, Sanchez and Smith",DuitNow QR,1,355.65
2025-12-30,"Figueroa, Sanchez and Smith",TNG eWallet,2,93.44999999999999
2025-12-30,Ford-Payne,FPX,1,44.34
2025-12-30,Ford-Payne,Visa,1,12.08
2025-12-30,"Garcia, Mercado and Potter",TNG eWallet,2,80.76
2025-12-30,Garrison-Hoffman,FPX,1,7.75
2025-12-30,Garrison-Hoffman,Mastercard,1,52.53
2025-12-30,Garrison-Hoffman,PayLater by Grab,1,26.2
2025-12-30,"Gomez, Valdez and Rodriguez",DuitNow QR,1,18.97
2025-12-30,"Gonzalez, Klein and French",DuitNow QR Offline,1,55.95
2025-12-30,Gross-Harrington,DuitNow QR Offline,1,0.68
2025-12-30,Hudson-Graham,TNG eWallet,1,50.28
2025-12-30,Hudson-Graham,Visa,2,24.14
2025-12-30,Hunter and Sons,FPX,1,8.88
2025-12-30,Hunter and Sons,TNG eWallet,1,0.27
2025-12-30,"Ingram, Pratt and York",Visa,1,21.38
2025-12-30,Johnson Inc,DuitNow QR Offline,1,15.05
2025-12-30,Johnson Inc,FPX,1,1266.36
2025-12-30,"Johnson, Key and Wells",FPX,1,16.13
2025-12-30,"Johnson, Key and Wells",TNG eWallet Offline,1,26.77
2025-12-30,"Johnson, Key and Wells",Visa,1,13.92
2025-12-30,"Johnson, Moore and Smith",Visa,1,37.39
2025-12-30,Jones LLC,FPX,1,66.77
2025-12-30,Jones LLC,TNG eWallet,1,610.98
2025-12-30,Jones LLC,Visa,1,18.19
2025-12-30,"Jones, Spencer and Mata",FPX,1,1260.83
2025-12-30,Jones-Prince,DuitNow QR Offline,1,19.71
2025-12-30,Jones-Prince,Google Pay,1,38.25
2025-12-30,Jones-Prince,TNG eWallet,1,32.84
2025-12-30,Jordan Ltd,DuitNow QR Offline,1,42.02
2025-12-30,Jordan Ltd,FPX,2,61.07
2025-12-30,Jordan Ltd,Google Pay,1,31.07
2025-12-30,Jordan Ltd,Mastercard,1,16.59
2025-12-30,"Juarez, Brown and Wilson",TNG eWallet Offline,1,56.37
2025-12-30,King LLC,DuitNow QR,1,17.36
2025-12-30,King LLC,Google Pay,1,30.92
2025-12-30,King-Friedman,DuitNow QR Offline,1,579.32
2025-12-30,King-Friedman,FPX,1,30.82
2025-12-30,King-Friedman,TNG eWallet,1,37.38
2025-12-30,"Knox, Bullock and Bowman",DuitNow QR,1,66.1
2025-12-30,"Knox, Bullock and Bowman",FPX,1,27.12
2025-12-30,"Knox, Bullock and Bowman",Visa,1,22.61
2025-12-30,"Lambert, Williams and Phelps",Apple Pay,1,140.37
2025-12-30,"Lambert, Williams and Phelps",Visa,2,49.63
2025-12-30,Landry-Moreno,TNG eWallet,2,68.36
2025-12-30,"Le, Hoffman and Fowler",TNG eWallet,1,53.8
2025-12-30,"Le, Hoffman and Fowler",TNG eWallet Offline,1,26.19
2025-12-30,Lee Group,FPX,1,16.23
2025-12-30,Lee Group,TNG eWallet,1,27.73
2025-12-30,"Levine, Barron and Jones",FPX,1,23.05
2025-12-30,Lopez-Cole,TNG eWallet,1,2.69
2025-12-30,Mahoney PLC,TNG eWallet,2,98.6
2025-12-30,"Martinez, Gray and Kent",FPX,1,18.8
2025-12-30,Martinez-Abbott,Mastercard,1,40.56
2025-12-30,Martinez-Abbott,Visa,1,24.62
2025-12-30,Martinez-Harvey,DuitNow QR,2,98.71000000000001
2025-12-30,Martinez-Harvey,Visa,1,50.12
2025-12-30,Martinez-Lewis,Shopee PayLater,1,57.89
2025-12-30,Maxwell Group,DuitNow QR,2,80.45
2025-12-30,Maxwell Group,FPX,1,16.89
2025-12-30,Maxwell Group,PayLater by Grab,1,32.31
2025-12-30,Maxwell Group,TNG eWallet,2,15.66
2025-12-30,Maxwell Group,Visa,1,24.95
2025-12-30,"Mcdonald, Castro and Pearson",DuitNow QR Offline,1,45.4
2025-12-30,Mcguire Ltd,DuitNow QR,1,60.26
2025-12-30,Mcguire Ltd,TNG eWallet,1,0.5
2025-12-30,"Miller, Espinoza and Hernandez",Apple Pay,1,1016.65
2025-12-30,"Miller, Espinoza and Hernandez",TNG eWallet,1,15.68
2025-12-30,"Morton, Harvey and Shelton",TNG eWallet Offline,1,8.52
2025-12-30,Moss-Chapman,DuitNow QR,1,69.03
2025-12-30,Moss-Chapman,TNG eWallet,1,0.2
2025-12-30,Murphy Inc,Mastercard,1,44.59
2025-12-30,Murphy Ltd,DuitNow QR Offline,1,50.74
2025-12-30,Murphy Ltd,TNG eWallet Offline,1,484.88
2025-12-30,Murphy Ltd,Visa,1,37.52
2025-12-30,"Nichols, Farmer and Floyd",TNG eWallet,1,41.33
2025-12-30,"Nichols, Farmer and Floyd",TNG eWallet Offline,1,21.39
2025-12-30,Nolan LLC,DuitNow QR,1,25.95
2025-12-30,Nolan LLC,FPX,2,425.15000000000003
2025-12-30,Nolan LLC,Visa,1,44.36
2025-12-30,Owens Group,DuitNow QR,1,98.65
2025-12-30,Owens Group,TNG eWallet,1,24.06
2025-12-30,"Owens, Green and Clark",Mastercard,1,40.05
2025-12-30,"Owens, Green and Clark",TNG eWallet,1,42.46
2025-12-30,"Owens, Green and Clark",TNG eWallet Offline,1,17.34
2025-12-30,Parker Ltd,DuitNow QR,3,158.23000000000002
2025-12-30,Parker Ltd,TNG eWallet,1,37.83
2025-12-30,Perez-Gardner,FPX,2,46.39
2025-12-30,Perez-Gardner,Google Pay,1,40.85
2025-12-30,Perez-Gardner,Mastercard,1,54.28
2025-12-30,Perez-Gardner,PayLater by Grab,1,3.39
2025-12-30,Perez-Gardner,TNG eWallet,1,36.71
2025-12-30,"Petty, Rodriguez and Khan",DuitNow QR Offline,1,33.71
2025-12-30,Phillips LLC,Mastercard,1,0.24
2025-12-30,Pruitt LLC,DuitNow QR,1,40.85
2025-12-30,Pruitt LLC,FPX,1,13.86
2025-12-30,Pruitt LLC,Shopee PayLater,1,16.77
2025-12-30,Pruitt LLC,TNG eWallet,1,242.07
2025-12-30,"Ramos, Moore and Coleman",Apple Pay,1,19.39
2025-12-30,Reid Group,Visa,1,35.96
2025-12-30,"Reyes, Blackwell and Jenkins",DuitNow QR,1,40.33
2025-12-30,Richardson-Warren,DuitNow QR Offline,1,14.06
2025-12-30,Richardson-Warren,Shopee PayLater,1,32.94
2025-12-30,Richardson-Warren,TNG eWallet,1,50.81
2025-12-30,"Roberts, Wong and Morales",DuitNow QR,1,61.65
2025-12-30,"Roberts, Wong and Morales",TNG eWallet,1,37.57
2025-12-30,"Rodriguez, Jackson and Gomez",TNG eWallet Offline,1,53.19
2025-12-30,Rodriguez-Sanchez,DuitNow QR Offline,1,572.13
2025-12-30,Rodriguez-Sanchez,TNG eWallet,1,51.63
2025-12-30,Rodriguez-Sanchez,TNG eWallet Offline,1,42.55
2025-12-30,Rodriguez-Tucker,FPX,2,106.22999999999999
2025-12-30,Rodriguez-Tucker,TNG eWallet,1,23.71
2025-12-30,Rodriguez-Tucker,TNG eWallet Offline,1,14.94
2025-12-30,Rollins-Williams,TNG eWallet,1,50.55
2025-12-30,Rollins-Williams,TNG eWallet Offline,1,0.51
2025-12-30,Rose-Rubio,DuitNow QR,1,34.85
2025-12-30,Rose-Rubio,TNG eWallet,2,393.34999999999997
2025-12-30,Russell and Sons,Google Pay,1,45.27
2025-12-30,"Schmidt, Smith and Ramirez",Visa,1,37.03
2025-12-30,"Schmitt, Murphy and Warner",DuitNow QR,1,47.86
2025-12-30,"Schmitt, Murphy and Warner",DuitNow QR Offline,1,63.82
2025-12-30,"Schmitt, Murphy and Warner",TNG eWallet,1,53.74
2025-12-30,"Schmitt, Murphy and Warner",TNG eWallet Offline,1,519.13
2025-12-30,Shah Group,DuitNow QR,1,7.22
2025-12-30,Shah Group,FPX,1,27.85
2025-12-30,Shah Group,Visa,1,22.39
2025-12-30,Simon and Sons,DuitNow QR Offline,1,6.84
2025-12-30,Soto-Mora,FPX,1,33.57
2025-12-30,Soto-Mora,TNG eWallet,2,71.92
2025-12-30,Soto-Mora,TNG eWallet Offline,1,367.62
2025-12-30,"Spencer, Martinez and Gallegos",FPX,1,55.04
2025-12-30,"Spencer, Martinez and Gallegos",TNG eWallet,1,428.5
2025-12-30,"Spencer, Martinez and Gallegos",TNG eWallet Offline,1,841.23
2025-12-30,"Sutton, Howard and Rollins",FPX,2,561.46
2025-12-30,"Sutton, Howard and Rollins",Shopee PayLater,1,10.67
2025-12-30,Sweeney-Thompson,Apple Pay,1,64.06
2025-12-30,Sweeney-Thompson,Mastercard,1,22.48
2025-12-30,Sweeney-Thompson,TNG eWallet,1,237.64
2025-12-30,"Taylor, Colon and Hart",DuitNow QR Offline,1,51.05
2025-12-30,"Taylor, Colon and Hart",FPX,1,55.14
2025-12-30,"Taylor, Colon and Hart",PayLater by Grab,1,47.33
2025-12-30,"Taylor, Colon and Hart",TNG eWallet,1,19.21
2025-12-30,"Thompson, Rivera and Ross",FPX,1,72.72
2025-12-30,"Trevino, Bright and Mendoza",FPX,1,23.57
2025-12-30,"Trevino, Bright and Mendoza",TNG eWallet Offline,1,64.78
2025-12-30,Wall LLC,FPX,1,57.49
2025-12-30,Walsh-Jones,DuitNow QR,2,107.28999999999999
2025-12-30,Walsh-Jones,TNG eWallet,2,64.69
2025-12-30,Williams Inc,Mastercard,1,478.83
2025-12-30,Williams Inc,Visa,1,72.71
2025-12-30,"Williams, Morrison and Larson",Mastercard,1,0.72
2025-12-30,"Williamson, Jones and Higgins",Mastercard,1,32.12
2025-12-30,"Williamson, Jones and Higgins",TNG eWallet Offline,1,69.36
2025-12-30,Young-Huffman,DuitNow QR,1,55.81
2025-12-30,Young-Huffman,DuitNow QR Offline,1,17.47
2025-12-30,Young-Huffman,FPX,1,38.68
2025-12-31,Acevedo LLC,FPX,1,51.14
2025-12-31,Aguilar Group,DuitNow QR,2,42.38999999999999
2025-12-31,Aguilar Group,Shopee PayLater,1,48.04
2025-12-31,Aguilar Group,TNG eWallet Offline,1,56.57
2025-12-31,"Aguilar, Bonilla and Lee",DuitNow QR,1,27.43
2025-12-31,Aguilar-Gomez,DuitNow QR Offline,1,17.28
2025-12-31,Aguilar-Gomez,FPX,1,1.19
2025-12-31,Aguilar-Gomez,Mastercard,1,29.12
2025-12-31,Aguilar-Gomez,TNG eWallet,2,30.86
2025-12-31,Arnold PLC,TNG eWallet,1,0.25
2025-12-31,Barron-Fisher,DuitNow QR,1,19.7
2025-12-31,Barron-Fisher,Visa,1,652.07
2025-12-31,Bender-Underwood,FPX,2,76.36
2025-12-31,Bender-Underwood,PayLater by Grab,1,34.28
2025-12-31,Bender-Underwood,Shopee PayLater,1,42.66
2025-12-31,Bender-Underwood,TNG eWallet,2,55.56
2025-12-31,Bender-Underwood,Visa,2,152.9
2025-12-31,Bowen PLC,TNG eWallet Offline,2,72.68
2025-12-31,"Burke, Mann and Schroeder",FPX,2,17.2
2025-12-31,"Burke, Mann and Schroeder",Mastercard,1,44.49
2025-12-31,"Burke, Mann and Schroeder",TNG eWallet,1,31.54
2025-12-31,Cannon and Sons,Visa,1,389.68
2025-12-31,Carroll-Figueroa,FPX,1,69.65
2025-12-31,Carroll-Figueroa,TNG eWallet Offline,1,552.76
2025-12-31,"Carson, Thomas and Walters",DuitNow QR Offline,1,26.52
2025-12-31,"Carson, Thomas and Walters",Mastercard,1,46.87
2025-12-31,Christensen-Cole,DuitNow QR,1,51.5
2025-12-31,Christensen-Cole,TNG eWallet Offline,1,30.07
2025-12-31,"Cox, Clark and Davis",DuitNow QR,1,50.71
2025-12-31,"Cox, Clark and Davis",Shopee PayLater,1,56.14
2025-12-31,Cross PLC,TNG eWallet,1,9.51
2025-12-31,Cruz-Hutchinson,DuitNow QR Offline,1,44.52
2025-12-31,Cunningham-Rice,DuitNow QR Offline,1,53.11
2025-12-31,Cunningham-Rice,TNG eWallet Offline,1,66.63
2025-12-31,Cunningham-Rice,Visa,1,41.81
2025-12-31,"Dodson, Thompson and Perez",DuitNow QR,1,12.18
2025-12-31,Duncan-Cannon,DuitNow QR Offline,1,29.22
2025-12-31,Duncan-Cannon,FPX,1,59.04
2025-12-31,Duncan-Cannon,TNG eWallet Offline,1,40.03
2025-12-31,Dunn-Lucas,TNG eWallet,1,79.23
2025-12-31,"Figueroa, Sanchez and Smith",FPX,1,332.41
2025-12-31,"Garcia, Mercado and Potter",DuitNow QR Offline,1,45.79
2025-12-31,"Garcia, Mercado and Potter",Mastercard,1,72.66
2025-12-31,"Garcia, Mercado and Potter",TNG eWallet,1,51.7
2025-12-31,Garrison-Hoffman,DuitNow QR,1,0.62
2025-12-31,Garrison-Hoffman,TNG eWallet,2,57.61
2025-12-31,"Gomez, Valdez and Rodriguez",PayLater by Grab,1,919.06
2025-12-31,"Gonzalez, Klein and French",FPX,1,17.8
2025-12-31,"Gonzalez, Klein and French",Visa,1,60.46
2025-12-31,"Haynes, Jenkins and Cook",DuitNow QR Offline,1,13.51
2025-12-31,"Haynes, Jenkins and Cook",Google Pay,1,22.28
2025-12-31,"Haynes, Jenkins and Cook",TNG eWallet,2,52.379999999999995
2025-12-31,Hunter and Sons,DuitNow QR,2,113.74000000000001
2025-12-31,Hunter and Sons,TNG eWallet,1,30.54
2025-12-31,Hunter and Sons,Visa,1,63.12
2025-12-31,"Ingram, Pratt and York",Google Pay,1,35.4
2025-12-31,"Ingram, Pratt and York",PayLater by Grab,1,543.56
2025-12-31,"Ingram, Pratt and York",TNG eWallet Offline,1,21.27
2025-12-31,Jennings PLC,Mastercard,1,56.4
2025-12-31,Johnson Inc,Mastercard,2,843.37
2025-12-31,"Johnson, Key and Wells",Visa,1,34.47
2025-12-31,"Johnson, Moore and Smith",DuitNow QR,1,17.78
2025-12-31,"Johnson, Moore and Smith",DuitNow QR Offline,1,51.63
2025-12-31,"Jones, Cole and Haynes",DuitNow QR,1,32.84
2025-12-31,"Jones, Spencer and Mata",Shopee PayLater,1,32.28
2025-12-31,"Jones, Spencer and Mata",TNG eWallet,1,34.08
2025-12-31,"Jones, Spencer and Mata",Visa,1,65.06
2025-12-31,Jones-Prince,Mastercard,1,22.28
2025-12-31,Jordan Ltd,PayLater by Grab,1,15.51
2025-12-31,Jordan Ltd,Visa,1,55.4
2025-12-31,"Juarez, Brown and Wilson",Apple Pay,1,274.36
2025-12-31,"Juarez, Brown and Wilson",DuitNow QR Offline,1,790.27
2025-12-31,King LLC,DuitNow QR,1,15.17
2025-12-31,King LLC,Mastercard,1,0.4
2025-12-31,King-Friedman,FPX,1,49.14
2025-12-31,"Knox, Bullock and Bowman",FPX,1,30.38
2025-12-31,"Knox, Bullock and Bowman",Mastercard,1,37.12
2025-12-31,"Knox, Bullock and Bowman",Shopee PayLater,1,29.94
2025-12-31,"Knox, Bullock and Bowman",TNG eWallet,1,16.39
2025-12-31,"Lambert, Williams and Phelps",DuitNow QR Offline,1,15.39
2025-12-31,"Lambert, Williams and Phelps",PayLater by Grab,1,31.78
2025-12-31,Landry-Moreno,Apple Pay,1,10.41
2025-12-31,Landry-Moreno,TNG eWallet,1,18.86
2025-12-31,Lee Group,PayLater by Grab,1,0.26
2025-12-31,Lee Group,TNG eWallet,1,419.3
2025-12-31,"Levine, Barron and Jones",TNG eWallet,1,70.4
2025-12-31,Lopez-Cole,TNG eWallet,1,217.42
2025-12-31,Lopez-Cole,TNG eWallet Offline,1,64.55
2025-12-31,Mahoney PLC,FPX,1,68.08
2025-12-31,Mahoney PLC,Mastercard,1,26.5
2025-12-31,Mahoney PLC,TNG eWallet,1,323.34
2025-12-31,Martinez-Harvey,FPX,1,39.13
2025-12-31,Maxwell Group,Apple Pay,1,206.84
2025-12-31,Maxwell Group,TNG eWallet,2,62.44
2025-12-31,"Maynard, Green and Cook",Mastercard,1,31.2
2025-12-31,"Maynard, Green and Cook",TNG eWallet Offline,1,399.51
2025-12-31,"Mcdonald, Castro and Pearson",Visa,1,32.53
2025-12-31,Mcguire Ltd,DuitNow QR,1,41.71
2025-12-31,Mcguire Ltd,Mastercard,1,50.36
2025-12-31,"Miller, Espinoza and Hernandez",Apple Pay,1,38.51
2025-12-31,"Miller, Espinoza and Hernandez",FPX,1,49.23
2025-12-31,Moss-Chapman,DuitNow QR,1,31.86
2025-12-31,Moss-Chapman,DuitNow QR Offline,1,105.03
2025-12-31,Moss-Chapman,TNG eWallet,2,21.08
2025-12-31,Moss-Chapman,TNG eWallet Offline,1,20.99
2025-12-31,Murphy Inc,TNG eWallet,2,100.59
2025-12-31,Murphy Ltd,FPX,1,35.31
2025-12-31,Murphy Ltd,TNG eWallet,1,63.67
2025-12-31,"Nichols, Farmer and Floyd",Mastercard,1,28.76
2025-12-31,"Nichols, Farmer and Floyd",TNG eWallet Offline,1,17.91
2025-12-31,Nolan LLC,FPX,1,36.23
2025-12-31,Nolan LLC,Shopee PayLater,1,591.32
2025-12-31,Nolan LLC,TNG eWallet,1,31.07
2025-12-31,Nolan LLC,Visa,1,33.09
2025-12-31,Owens Group,DuitNow QR,1,16.78
2025-12-31,Owens Group,PayLater by Grab,1,36.21
2025-12-31,Parker Ltd,Visa,1,39.73
2025-12-31,Perez-Gardner,DuitNow QR,1,953.37
2025-12-31,Perez-Gardner,FPX,2,74.36
2025-12-31,Perez-Gardner,TNG eWallet,1,66.48
2025-12-31,"Petty, Rodriguez and Khan",DuitNow QR,1,30.97
2025-12-31,"Petty, Rodriguez and Khan",DuitNow QR Offline,1,12.33
2025-12-31,Phillips LLC,TNG eWallet Offline,2,63.92
2025-12-31,Pineda PLC,DuitNow QR,1,486.62
2025-12-31,Pineda PLC,TNG eWallet,1,0.64
2025-12-31,Pruitt LLC,DuitNow QR,1,39.28
2025-12-31,Pruitt LLC,DuitNow QR Offline,1,27.82
2025-12-31,Pruitt LLC,PayLater by Grab,1,3.78
2025-12-31,Pruitt LLC,TNG eWallet,2,61.05
2025-12-31,"Ramos, Moore and Coleman",Mastercard,1,8.85
2025-12-31,Reid Group,TNG eWallet Offline,1,18.89
2025-12-31,"Reyes, Blackwell and Jenkins",TNG eWallet Offline,1,36.15
2025-12-31,Richardson-Warren,TNG eWallet,1,23.79
2025-12-31,Richardson-Warren,TNG eWallet Offline,1,9.92
2025-12-31,Robinson-Burnett,FPX,1,47.02
2025-12-31,Robinson-Burnett,Mastercard,1,56.98
2025-12-31,Robinson-Burnett,Visa,1,449.01
2025-12-31,"Rodriguez, Jackson and Gomez",DuitNow QR,1,25.49
2025-12-31,"Rodriguez, Jackson and Gomez",DuitNow QR Offline,1,59.17
2025-12-31,"Rodriguez, Jackson and Gomez",Google Pay,1,0.58
2025-12-31,Rodriguez-Sanchez,DuitNow QR,1,56.66
2025-12-31,Rodriguez-Tucker,DuitNow QR,1,47.7
2025-12-31,Rollins-Williams,Mastercard,1,13.44
2025-12-31,Rose-Rubio,Mastercard,1,24.43
2025-12-31,Russell and Sons,DuitNow QR,1,26.79
2025-12-31,Russell and Sons,Mastercard,2,652.7
2025-12-31,Russell and Sons,Shopee PayLater,1,37.21
2025-12-31,"Schmidt, Smith and Ramirez",TNG eWallet Offline,1,0.52
2025-12-31,"Schmitt, Murphy and Warner",DuitNow QR Offline,2,86.2
2025-12-31,"Schmitt, Murphy and Warner",TNG eWallet,1,143.52
2025-12-31,Shah Group,TNG eWallet,1,426.86
2025-12-31,Shah Group,TNG eWallet Offline,1,48.5
2025-12-31,Simon and Sons,DuitNow QR Offline,1,57.6
2025-12-31,"Smith, Ramsey and Holder",TNG eWallet Offline,1,37.92
2025-12-31,Soto-Mora,PayLater by Grab,1,36.58
2025-12-31,Soto-Mora,Shopee PayLater,1,30.74
2025-12-31,Soto-Mora,TNG eWallet Offline,1,46.88
2025-12-31,"Spencer, Martinez and Gallegos",DuitNow QR,1,10.7
2025-12-31,"Spencer, Martinez and Gallegos",TNG eWallet,1,32.28
2025-12-31,"Stafford, Hood and Ward",FPX,1,38.17
2025-12-31,Sweeney-Thompson,DuitNow QR Offline,1,53.31
2025-12-31,"Taylor, Colon and Hart",Shopee PayLater,1,19.97
2025-12-31,"Thompson, Rivera and Ross",Apple Pay,1,27.28
2025-12-31,"Thompson, Rivera and Ross",Mastercard,1,914.63
2025-12-31,"Thompson, Rivera and Ross",Shopee PayLater,1,61.1
2025-12-31,"Trevino, Bright and Mendoza",DuitNow QR,1,28.82
2025-12-31,"Trevino, Bright and Mendoza",FPX,1,42.07
2025-12-31,"Trevino, Bright and Mendoza",TNG eWallet,1,60.59
2025-12-31,"Walker, Floyd and Graham",FPX,1,40.57
2025-12-31,"Walker, Floyd and Graham",PayLater by Grab,1,30.4
2025-12-31,"Walker, Floyd and Graham",TNG eWallet Offline,1,24.25
2025-12-31,Wall LLC,DuitNow QR,3,593.26
2025-12-31,Wall LLC,TNG eWallet Offline,2,76.65
2025-12-31,Wall LLC,Visa,1,20.62
2025-12-31,"White, Flores and Lucas",DuitNow QR Offline,1,45.32
2025-12-31,"Williams, Morrison and Larson",Apple Pay,1,33.45
2025-12-31,"Williamson, Jones and Higgins",DuitNow QR,1,638.66
2025-12-31,"Williamson, Jones and Higgins",TNG eWallet,1,32.57
2025-12-31,Young-Huffman,Visa,1,35.19
